cov,site_sys,respvar,cc,no,contrast,est_diff,diff_se,diff_pval
none,Central_grain,bd,1.4218820143884308,1.3739568345323365,cc - no,0.04792517985609416,0.009811472530396463,1.7949089717119869e-6
none,Central_silage,bd,1.4641151079135764,1.4360402161616366,cc - no,0.028074891751939654,0.010956216450009692,0.01094291634877056
none,East_grain,bd,1.4379663472940136,1.4883453237410118,cc - no,-0.050378976446998035,0.010956216450009696,6.587608850939078e-6
none,West_grain,bd,1.57330935251797,1.4718705035971047,cc - no,0.10143884892086527,0.010969559768669184,7.910063577198524e-18
sand,Central_grain,bd,1.3366642269988809,1.2998354300399175,cc - no,0.03682879695896348,0.009578396708417777,1.5160232084271844e-4
sand,Central_silage,bd,1.4123993794966772,1.3920740604658433,cc - no,0.02032531903083386,0.010593442571809095,0.05611352414252247
sand,East_grain,bd,1.5998069417305074,1.6862048501080622,cc - no,-0.08639790837755487,0.011653418789912542,1.5719623499498046e-12
sand,West_grain,bd,1.5128862198016417,1.4727686629351355,cc - no,0.04011755686650623,0.013461536869935299,0.0031623907320115635
