site_sys,term,contrast,null.value,estimate,std.error,df,statistic,adj.p.value,cov,param
Central_grain,cc_trt,cc effect,0,-0.002376774851455436,0.004210140889414078,12.811914204864829,-0.5645357041213435,0.5821390111480789,sand,field capacity
Central_silage,cc_trt,cc effect,0,0.013617369853676495,0.004619427089939507,13.828957588687711,2.9478482046687784,0.010706521069269987,sand,field capacity
East_grain,cc_trt,cc effect,0,-0.0020641926309641705,0.0048546269717768195,13.946296046453533,-0.42520107991091743,0.6771777830316359,sand,field capacity
West_grain,cc_trt,cc effect,0,0.01241826934216508,0.005157595433181035,16.243782725796585,2.407763366291392,0.028274180893253124,sand,field capacity
