param,cc_trt,site_sys,estimate,df,conf.low,conf.high,cov,term,contrast,est_diff,pval_diff
pct macropores,Cover Crop,Central-grain,0.5889318903788301,24.899137236067457,0.517550503109234,0.6603132776484262,none,cc_trt,Cover Crop - No Cover,-0.029095800495183396,0.5744439331207287
pct macropores,No Cover,Central-grain,0.6180276908740134,24.89913723606739,0.5466463036044173,0.6894090781436095,none,cc_trt,Cover Crop - No Cover,-0.029095800495183396,0.5744439331207287
pct macropores,Cover Crop,Central-silage,0.5350665892964258,24.89913723606742,0.4636852020268297,0.6064479765660219,none,cc_trt,Cover Crop - No Cover,-0.047014242396773966,0.40195272802307314
pct macropores,No Cover,Central-silage,0.5820808316931997,26.850663059657204,0.5028774841264614,0.661284179259938,none,cc_trt,Cover Crop - No Cover,-0.047014242396773966,0.40195272802307314
pct macropores,Cover Crop,East-grain,0.7330384073327931,26.163847133894205,0.6531222505974285,0.8129545640681578,none,cc_trt,Cover Crop - No Cover,0.02119046845293965,0.7047988058349831
pct macropores,No Cover,East-grain,0.7118479388798534,24.89913723606742,0.6404665516102573,0.7832293261494495,none,cc_trt,Cover Crop - No Cover,0.02119046845293965,0.7047988058349831
pct macropores,Cover Crop,West-grain,0.4829486082867754,24.89913723606742,0.40314179115524784,0.5627554254183029,none,cc_trt,Cover Crop - No Cover,-0.1268053611261944,0.03907363191934457
pct macropores,No Cover,West-grain,0.6097539694129698,24.899137236067457,0.5299471522814423,0.6895607865444973,none,cc_trt,Cover Crop - No Cover,-0.1268053611261944,0.03907363191934457
