cov,site_sys,respvar,cc,no,contrast,est_diff,diff_se,diff_pval
none,Central_grain,om,2.360000000001098,2.4800000000010884,cc - no,-0.11999999999999017,0.0512093635441859,0.01987279196900214
none,Central_silage,om,2.640000000000029,2.4162504928122432,cc - no,0.22374950718778547,0.05721175568265938,1.175173273384703e-4
none,East_grain,om,3.575000000000097,3.675000000000095,cc - no,-0.09999999999999763,0.0572538089846497,0.08189529620957066
none,West_grain,om,2.749999999999731,2.9749999999997296,cc - no,-0.22499999999999892,0.057253808984649705,1.092111218020183e-4
sand,Central_grain,om,2.7003780394229127,2.7760567167166714,cc - no,-0.0756786772937589,0.05070048157407042,0.13674204699275608
sand,Central_silage,om,2.846563662177356,2.594204738444251,cc - no,0.25235892373310476,0.056073929722054085,1.0247163459422352e-5
sand,East_grain,om,2.9263522253988703,2.8824079747361497,cc - no,0.04394425066272052,0.06250710643514693,0.48264743385743825
sand,West_grain,om,2.9913428942443,2.971412559819508,cc - no,0.01993033442479164,0.07347959096054629,0.7864163778128703
