site_sys,term,contrast,null.value,estimate,std.error,df,statistic,adj.p.value,cov,param
Central_grain,cc_trt,cc effect,0,-0.0024385937870012708,0.0056678769881333795,26,-0.43024818500945994,0.6705604823441871,sand,field capacity
Central_silage,cc_trt,cc effect,0,0.012279517406315284,0.006016329414029574,26,2.0410314265173852,0.05152059400997905,sand,field capacity
East_grain,cc_trt,cc effect,0,-0.0022649646253580288,0.00641525805745067,26,-0.35305900480924574,0.7268906449829173,sand,field capacity
West_grain,cc_trt,cc effect,0,0.012076642972903276,0.006580621926509735,26,1.8351826176570136,0.07794420323572135,sand,field capacity
