site_sys,term,contrast,null.value,estimate,std.error,df,statistic,adj.p.value,cov,param
Central_grain,cc_trt,cc effect,0,-0.013227360064976323,0.007210736211703045,13.022012277450576,-1.8343979971848479,0.08953862064820688,sand,saturation
Central_silage,cc_trt,cc effect,0,0.004416926665402995,0.007796281182818612,14.458872989186547,0.5665427608148594,0.5797135122052022,sand,saturation
East_grain,cc_trt,cc effect,0,0.011250034318100795,0.00820287498461308,13.775835856718663,1.3714745548607732,0.19215357109961986,sand,saturation
West_grain,cc_trt,cc effect,0,-0.006659172083905512,0.008498178395991809,15.36011155267617,-0.7835999403173662,0.44519052567609807,sand,saturation
Central_grain,cc_trt,cc effect,0,-0.016048920863309328,0.008191996668607258,13.050360279047727,-1.9590975817666982,0.07181865246773299,none,saturation
Central_silage,cc_trt,cc effect,0,0.002221053546488678,0.009023721302245366,14.068421051228185,0.24613498933483402,0.8091325851716695,none,saturation
East_grain,cc_trt,cc effect,0,0.0020863309352518976,0.009158930711228827,13.050360279047757,0.22779197714576668,0.8233380104580337,none,saturation
West_grain,cc_trt,cc effect,0,-0.022251798561150955,0.009158930711228825,13.050360279047762,-2.4295192596959283,0.030293744583977638,none,saturation
