site_sys,term,contrast,null.value,estimate,std.error,df,statistic,adj.p.value,cov,param
Central_grain,cc_trt,cc effect,0,-0.013222123156110972,0.00771719087844834,26.000000000000057,-1.7133336941342423,0.09855242140440124,sand,saturation
Central_silage,cc_trt,cc effect,0,0.004240254195214824,0.008233241983466344,25.99999999999991,0.5150163451687595,0.6108926812273374,sand,saturation
East_grain,cc_trt,cc effect,0,0.011267042450448248,0.00862504160197848,25.999999999999947,1.3063174614559223,0.20288338447244195,sand,saturation
West_grain,cc_trt,cc effect,0,-0.006630231660619184,0.008415526420372896,26.00000000000002,-0.7878570310905632,0.4379045544179634,sand,saturation
Central_grain,cc_trt,cc effect,0,-0.016048920863309328,0.008191996668607258,13.050360279047727,-1.9590975817666982,0.07181865246773299,none,saturation
Central_silage,cc_trt,cc effect,0,0.002221053546488678,0.009023721302245366,14.068421051228185,0.24613498933483402,0.8091325851716695,none,saturation
East_grain,cc_trt,cc effect,0,0.0020863309352518976,0.009158930711228827,13.050360279047757,0.22779197714576668,0.8233380104580337,none,saturation
West_grain,cc_trt,cc effect,0,-0.022251798561150955,0.009158930711228825,13.050360279047762,-2.4295192596959283,0.030293744583977638,none,saturation
