cov,site_sys,respvar,cc,no,contrast,est_diff,diff_se,diff_pval
none,Central_grain,bd,1.421882014388846,1.3739568345327386,cc - no,0.04792517985610733,0.009944001022471784,2.459158405017791e-6
none,Central_silage,bd,1.4641151079136145,1.4360409016549953,cc - no,0.0280742062586193,0.011105076400689017,0.012063460027171189
none,East_grain,bd,1.4374100719424634,1.4877697841726785,cc - no,-0.05035971223021506,0.011117731127287159,9.036732841517159e-6
none,West_grain,bd,1.5733093525180153,1.4718705035971502,cc - no,0.10143884892086508,0.011117731127287159,2.1371833694798992e-17
sand,Central_grain,bd,1.3085051619012122,1.2753430145692737,cc - no,0.03682879695896348,0.009578396708417777,1.5160232084271844e-4
sand,Central_silage,bd,1.3953106166026117,1.3856637507898624,cc - no,0.02032531903083386,0.010593442571809095,0.05611352414252247
sand,East_grain,bd,1.6534687906011654,1.7517750334050814,cc - no,-0.08639790837755487,0.011653418789912542,1.5719623499498046e-12
sand,West_grain,bd,1.4929202129423444,1.4730654475389378,cc - no,0.04011755686650623,0.013461536869935299,0.0031623907320115635
